Lng,Lat,state,division,polling_place_name,premises,has_bbq,has_caek,has_nothing,source,address,opening_hours,booth_info,extra_info,gid
146.174,-41.2135,TAS,,Abbotsham Hall,Abbotsham Hall,0,0,0,,590 Castra Rd TAS 7315,,Assisted,,1
145.89229,-41.07264,TAS,,Burnie Child and Family Centre,Burnie Child and Family Centre,0,0,0,,36 Thorne St TAS 7320,,Assisted Disabled,,2
147.327957,-43.360818,TAS,,Adventure Bay Hall,Adventure Bay Hall,0,0,0,,706 Adventure Bay Rd TAS 7150,,Standard,,3
147.244455,-43.31807,TAS,,Bruny Island District School,Bruny Island District School,0,0,0,,School Rd TAS 7150,,Assisted Disabled,,4
146.367,-41.1972,TAS,,Mersey Rowing Club,Mersey Rowing Club,0,0,0,,52 River Rd TAS 7310,,Assisted Disabled,,5
147.2511051,-42.7744865,TAS,,St Virgil's College,St Virgil's College,0,0,0,,195 Main Rd TAS 7011,,Standard,,6
147.726,-41.7817,TAS,,Avoca Primary School,Avoca Primary School,0,0,0,,26-30 St Pauls Pl TAS 7213,,Standard,,7
147.223,-42.6249,TAS,,Bagdad Primary School,Bagdad Primary School,0,0,0,,46-48 School Rd TAS 7030,,Standard,,8
147.3320854,-42.8915725,TAS,,St George's Church Hall,St George's Church Hall,0,0,0,,28 Cromwell St TAS 7004,,Assisted Disabled,,9
147.326,-42.8912,TAS,,Albuera Street Primary School,Albuera Street Primary School,0,0,0,,Albuera St TAS 7004,,Standard,,10
146.819,-41.2024,TAS,,Beaconsfield Senior Citizens' Hall,Beaconsfield Senior Citizens' Hall,0,0,0,,Weld St TAS 7270,,Assisted Disabled,,11
146.815,-41.1475,TAS,,Beauty Point (Sandy Beach) Bowls Club Hall,Beauty Point (Sandy Beach) Bowls Club Hall,0,0,0,,11 Mainwaring St TAS 7270,,Assisted Disabled,,12
147.371577,-42.875227,TAS,,Clarence Police & Community Youth Club Inc,Clarence Police & Community Youth Club Inc,0,0,0,,10 Scott St TAS 7018,,Assisted,,13
147.389,-42.8784,TAS,,Clarence High School,Clarence High School,0,0,0,,Wentworth St TAS 7018,,Assisted Disabled,,14
148.3049286,-41.872521,TAS,,Bicheno Primary School,Bicheno Primary School,0,0,0,,James St TAS 7215,,Assisted Disabled,,15
146.995,-41.6164,TAS,,Bishopsbourne Community Centre,Bishopsbourne Community Centre,0,0,0,,"Recreation Ground, 1111 Bishopsbourne Rd TAS 7301",,Standard,,16
147.3199914,-42.9987749,TAS,,The Salvation Army Kingborough,The Salvation Army Kingborough,0,0,0,,3 Opal Dr TAS 7052,,Assisted Disabled,,17
147.505,-41.4823,TAS,,North Esk Memorial Hall,North Esk Memorial Hall,0,0,0,,3132 Blessington Rd TAS 7212,,Assisted Disabled,,18
145.636,-40.9452,TAS,,Boat Harbour Primary School,Boat Harbour Primary School,0,0,0,,17386 Bass Hwy TAS 7321,,Assisted,,19
147.006,-42.3819,TAS,,Bothwell Council Chambers,Bothwell Council Chambers,0,0,0,,Alexander St TAS 7030,,Assisted Disabled,,20
146.943,-41.6512,TAS,,Bracknell War Memorial Hall,Bracknell War Memorial Hall,0,0,0,,Louisa St TAS 7302,,Assisted Disabled,,21
147.73648,-41.165606,TAS,,Branxholm Community Hall,Branxholm Community Hall,0,0,0,,Stoke St TAS 7261,,Standard,,22
147.24448,-42.73831,TAS,,Brighton Civic Centre,Brighton Civic Centre,0,0,0,,25 Green Point Rd TAS 7030,,Assisted Disabled,,23
147.395,-41.0026,TAS,,Bridport Hall,Bridport Hall,0,0,0,,Main St TAS 7262,,Assisted Disabled,,24
147.258,-42.6991,TAS,,Brighton Primary School,Brighton Primary School,0,0,0,,17 Downie St TAS 7030,,Assisted Disabled,,25
147.126,-42.6567,TAS,,Broadmarsh Hall,Broadmarsh Hall,0,0,0,,1218 Elderslie Rd TAS 7030,,Assisted Disabled,,26
146.492,-42.136,TAS,,Bronte Park Highland Village,Bronte Park Highland Village,0,0,0,,378 Marlborough Rd TAS 7140,,Standard,,27
147.718,-42.6072,TAS,,Buckland Memorial Hall,Buckland Memorial Hall,0,0,0,,22 Kent St TAS 7190,,Assisted Disabled,,28
145.906,-41.0532,TAS,,Burnie City Council Offices,Burnie City Council Offices,0,0,0,,80 Wilson St TAS 7320,,Assisted Disabled,,29
145.631,-41.0685,TAS,,Calder Hall,Calder Hall,0,0,0,,1320 Calder Rd TAS 7325,,Standard,,30
147.442,-42.8362,TAS,,Cambridge Primary School,Cambridge Primary School,0,0,0,,976 Cambridge Rd TAS 7170,,Assisted Disabled,,31
147.422,-42.6672,TAS,,Campania Hall,Campania Hall,0,0,0,,Reeve St TAS 7026,,Assisted Disabled,,32
147.495,-41.927,TAS,,Campbell Town Town Hall,Campbell Town Town Hall,0,0,0,,75 High St(Midland Highway) TAS 7210,,Assisted Disabled,,33
147.011,-41.5311,TAS,,Carrick Public Hall,Carrick Public Hall,0,0,0,,29 Meander Valley Rd TAS 7291,,Assisted Disabled,,34
147.2416549,-42.8111937,TAS,,Chigwell Barn,Chigwell Barn,0,0,0,,10 Bucaan St TAS 7011,,Assisted Disabled,,35
146.481,-41.5573,TAS,,Chudleigh Memorial Hall,Chudleigh Memorial Hall,0,0,0,,54 Sorell St TAS 7304,,Assisted Disabled,,36
147.2482384,-42.7931591,TAS,,Claremont Girl Guide Hall,Claremont Girl Guide Hall,0,0,0,,Box Hill Rd TAS 7011,,Assisted Disabled,,37
147.2405494,-42.7861799,TAS,,Austins Ferry Primary School,Austins Ferry Primary School,0,0,0,,13 Brodie St TAS 7011,,Disabled,,38
147.259102,-42.80013,TAS,,Windermere Primary School,Windermere Primary School,0,0,0,,2 Cadbury Rd TAS 7011,,Disabled,,39
147.445,-42.8873,TAS,,Clarendon Vale Primary School,Clarendon Vale Primary School,0,0,0,,25 Mockridge Rd TAS 7019,,Assisted Disabled,,40
146.274857,-41.43438,TAS,,Claude Road Fire Station,Claude Road Fire Station,0,0,0,,787 Claude Rd TAS 7306,,Assisted Disabled,,41
147.361,-42.5313,TAS,,Colebrook Fire Station,Colebrook Fire Station,0,0,0,,Colebrook Rd TAS 7027,,Assisted Disabled,,42
148.286,-42.1249,TAS,,Coles Bay Community Hall,Coles Bay Community Hall,0,0,0,,Harold St TAS 7215,,Standard,,43
147.198,-42.8367,TAS,,Collinsvale Primary School,Collinsvale Primary School,0,0,0,,508 Collinsvale Rd TAS 7012,,Assisted Disabled,,44
145.86801,-41.04076,TAS,,Cooee Primary School,Cooee Primary School,0,0,0,,Fidler St TAS 7320,,Assisted Disabled,,45
147.812,-42.8194,TAS,,Copping Hall,Copping Hall,0,0,0,,Marion Bay Rd TAS 7174,,Assisted Disabled,,46
147.034,-43.1064,TAS,,Cradoc Park,Cradoc Park,0,0,0,,8427 Channel Hwy TAS 7109,,Assisted Disabled,,47
147.08,-41.6892,TAS,,Cressy Community Hall,Cressy Community Hall,0,0,0,,Main St (Cressy Road) TAS 7302,,Assisted Disabled,,48
143.855,-39.9298,TAS,,Currie Town Hall,Currie Town Hall,0,0,0,,Cnr Meech & George Sts TAS 7256,,Assisted Disabled,,49
147.0771417,-43.1625204,TAS,,Carmel Hall,Carmel Hall,0,0,0,,25 Mary St TAS 7112,,Assisted Disabled,,50
146.66111,-41.52917,TAS,,Deloraine High School Hall,Deloraine High School Hall,0,0,0,,East Barrack St TAS 7304,,Assisted Disabled,,51
147.80236,-41.14933,TAS,,Derby Town Hall,Derby Town Hall,0,0,0,,Cnr Main & Krushka St TAS 7264,,Standard,,52
147.296,-42.838,TAS,,Moonah Primary School,Moonah Primary School,0,0,0,,42 Derwent Park Rd TAS 7009,,Assisted Disabled,,53
146.344,-41.1737,TAS,,Addison Street Scout Hall,Addison Street Scout Hall,0,0,0,,11 Addison St TAS 7310,,Assisted Disabled,,54
146.358,-41.1789,TAS,,St Johns Parish Hall,St Johns Parish Hall,0,0,0,,Fenton St TAS 7310,,Assisted Disabled,,55
146.354,-41.1667,TAS,,Mersey Bluff Church of Christ,Mersey Bluff Church of Christ,0,0,0,,232 William St TAS 7310,,Assisted Disabled,,56
146.337,-41.1728,TAS,,Nixon Street Primary School,Nixon Street Primary School,0,0,0,,Nixon St TAS 7310,,Assisted Disabled,,57
146.349,-41.1893,TAS,,Reece High School,Reece High School,0,0,0,,41-43 Middle Rd TAS 7310,,Assisted Disabled,,58
146.345,-41.1864,TAS,,TasTafe,TasTafe,0,0,0,,20-36 Valley Rd TAS 7310,,Assisted Disabled,,59
147.082,-41.3368,TAS,,Dilston War Memorial Hall,Dilston War Memorial Hall,0,0,0,,308 John Lees Dr TAS 7252,,Assisted Disabled,,60
147.624,-42.8485,TAS,,Dodges Ferry Community Recreation Centre,Dodges Ferry Community Recreation Centre,0,0,0,,532 Old Forcett Rd TAS 7173,,Assisted Disabled,,61
146.318,-41.1827,TAS,,Don Memorial Hall,Don Memorial Hall,0,0,0,,17 Forth Rd TAS 7310,,Assisted Disabled,,62
147.013,-43.3105,TAS,,Dover District High School,Dover District High School,0,0,0,,6940 Huon Hwy TAS 7117,,Assisted Disabled,,63
147.179,-42.7282,TAS,,Dromedary (Millvale) Community Hall,Dromedary (Millvale) Community Hall,0,0,0,,14 Millvale Rd TAS 7030,,Standard,,64
147.812,-42.8852,TAS,,Dunalley Primary School,Dunalley Primary School,0,0,0,,20-32 Bay St TAS 7177,,Assisted Disabled,,65
146.372,-41.1779,TAS,,East Devonport Primary School,East Devonport Primary School,0,0,0,,19 Thomas St TAS 7310,,Assisted Disabled,,66
147.15253,-41.44176,TAS,,East Launceston Primary School,East Launceston Primary School,0,0,0,,Abbott St TAS 7250,,Assisted Disabled,,67
147.14588,-41.43616,TAS,,East Launceston Bowling Club,East Launceston Bowling Club,0,0,0,,off High St TAS 7250,,Assisted Disabled,,68
145.092,-40.9705,TAS,,Edith Creek Primary School,Edith Creek Primary School,0,0,0,,1282 Trowutta Rd TAS 7330,,Assisted Disabled,,69
146.563,-41.4618,TAS,,Elizabeth Town Fire Station,Elizabeth Town Fire Station,0,0,0,,5816 Bass Hwy TAS 7304,,Assisted Disabled,,70
146.716,-42.6182,TAS,,Ellendale Hall,Ellendale Hall,0,0,0,,939 Ellendale Rd TAS 7140,,Standard,,71
145.782,-41.0922,TAS,,Elliott Community Centre,Elliott Community Centre,0,0,0,,829 Murchison Hwy TAS 7325,,Standard,,72
147.335,-41.7446,TAS,,Epping Forest Public Hall,Epping Forest Public Hall,0,0,0,,13515 Midland Hwy TAS 7211,,Assisted Disabled,,73
147.247,-41.5672,TAS,,Evandale Primary School,Evandale Primary School,0,0,0,,5-11 Barclay St TAS 7212,,Assisted Disabled,,74
146.957,-41.2996,TAS,,Exeter High School Gymnasium,Exeter High School Gymnasium,0,0,0,,28 Glen Ard Mohr Rd TAS 7275,,Assisted Disabled,,75
147.262,-42.9223,TAS,,Fern Tree Community Centre,Fern Tree Community Centre,0,0,0,,Stephenson Pl TAS 7054,,Assisted Disabled,,76
147.971,-41.6377,TAS,,Fingal Activity Centre (former Council Chambers),Fingal Activity Centre (former Council Chambers),0,0,0,,29 Talbot St (cnr of Esk Hwy and Mathinna Rd) TAS 7214,,Assisted Disabled,,77
147.631,-42.8057,TAS,,Forcett Public Hall,Forcett Public Hall,0,0,0,,699 Arthur Hwy TAS 7173,,Assisted Disabled,,78
145.248,-40.8486,TAS,,Forest Primary School,Forest Primary School,0,0,0,,422 Mengha Rd TAS 7330,,Assisted Disabled,,79
146.248975,-41.192921,TAS,,Forth Primary School,Forth Primary School,0,0,0,,45 Wilmot Road TAS 7310,,Assisted Disabled,,80
146.732,-41.3165,TAS,,Frankford Memorial Hall,Frankford Memorial Hall,0,0,0,,Frankford Rd TAS 7275,,Assisted Disabled,,81
147.0120184,-43.0856539,TAS,,Franklin Primary School,Franklin Primary School,0,0,0,,10 New Rd TAS 7113,,Assisted Disabled,,82
147.276,-42.7488,TAS,,Gagebrook Primary School,Gagebrook Primary School,0,0,0,,4 Tottenham Rd TAS 7030,,Assisted Disabled,,83
146.16,-41.1852,TAS,,Gawler Public Hall,Gawler Public Hall,0,0,0,,15 Top Gawler Rd TAS 7315,,Assisted Disabled,,84
146.922,-43.1625,TAS,,Geeveston Community Hall,Geeveston Community Hall,0,0,0,,7 Brady St TAS 7116,,Assisted,,85
147.349,-42.8383,TAS,,Geilston Bay High School,Geilston Bay High School,0,0,0,,271 East Derwent Hwy TAS 7015,,Standard,,86
146.8238,-41.1076,TAS,,George Town Memorial Hall,George Town Memorial Hall,0,0,0,,29-67 Macquarie St TAS 7253,,Assisted Disabled,,87
146.833,-41.1124,TAS,,George Town South  Primary School,George Town South  Primary School,0,0,0,,48-70 Victoria St TAS 7253,,Assisted Disabled,,88
148.008,-40.9601,TAS,,Gladstone Hall,Gladstone Hall,0,0,0,,1 Carr St TAS 7264,,Assisted Disabled,,89
146.962,-43.0278,TAS,,Glen Huon Primary School,Glen Huon Primary School,0,0,0,,801 Glen Huon Rd TAS 7109,,Assisted Disabled,,90
146.871,-41.3383,TAS,,Glengarry Fire Station,Glengarry Fire Station,0,0,0,,Frankford Rd TAS 7275,,Assisted Disabled,,91
146.889,-42.6969,TAS,,Glenora District High School,Glenora District High School,0,0,0,,620 Gordon River Rd TAS 7140,,Standard,,92
147.283,-42.8358,TAS,,Cosgrove High School,Cosgrove High School,0,0,0,,286 Main Rd TAS 7010,,Assisted Disabled,,93
147.279,-42.8322,TAS,,Glenorchy YMCA ,Glenorchy YMCA ,0,0,0,,8a Constance Ave TAS 7010,,Assisted Disabled,,94
147.268,-42.8297,TAS,,Glenorchy Primary School,Glenorchy Primary School,0,0,0,,Cnr Main Rd & Kensington St TAS 7010,,Assisted Disabled,,95
147.277,-42.8339,TAS,,Glenorchy Civic Centre,Glenorchy Civic Centre,0,0,0,,Cooper St TAS 7010,,Assisted Disabled,,96
147.265,-42.8455,TAS,,Tolosa Hall,Tolosa Hall,0,0,0,,148 Tolosa St TAS 7010,,Assisted Disabled,,97
147.276,-42.8265,TAS,,Girl Guides Hall,Girl Guides Hall,0,0,0,,Booth Ave TAS 7010,,Standard,,98
147.224,-42.7498,TAS,,Granton Memorial Hall,Granton Memorial Hall,0,0,0,,Lyell Hwy TAS 7030,,Assisted Disabled,,99
144.058,-40.0484,TAS,,Grassy Club,Grassy Club,0,0,0,,10 Grassy Rd TAS 7256,,Standard,,100
146.973,-41.2939,TAS,,Gravelly Beach Main Hall,Gravelly Beach Main Hall,0,0,0,,Edinburgh Park Off Gravelly Beach Rd TAS 7276,,Assisted Disabled,,101
146.923,-42.6444,TAS,,Gretna (St Mary's Parish) Hall,Gretna (St Mary's Parish) Hall,0,0,0,,3548 Lyell Hwy TAS 7140,,Standard,,102
146.039,-41.2774,TAS,,Gunns Plains Hall,Gunns Plains Hall,0,0,0,,957 Gunns Plains Rd TAS 7315,,Assisted Disabled,,103
147.064,-41.5064,TAS,,Hadspen Uniting Church Centre,Hadspen Uniting Church Centre,0,0,0,,47 Main St TAS 7290,,Assisted Disabled,,104
146.887,-41.5267,TAS,,Hagley Uniting Church Hall,Hagley Uniting Church Hall,0,0,0,,Meander Valley Rd TAS 7292,,Standard,,105
146.83,-42.5597,TAS,,Hamilton Hall,Hamilton Hall,0,0,0,,Tarleton St TAS 7140,,Assisted Disabled,,106
145.911,-41.0836,TAS,,Havenview Primary School,Havenview Primary School,0,0,0,,15 Marriott St TAS 7320,,Assisted Disabled,,107
145.986,-41.0751,TAS,,Blythe Heads Hall,Blythe Heads Hall,0,0,0,,Sice Ave TAS 7316,,Assisted Disabled,,108
145.806,-41.1904,TAS,,Highclere Community Centre,Highclere Community Centre,0,0,0,,1558 Ridgley Hwy TAS 7321,,Standard,,109
146.974945,-41.236252,TAS,,Hillwood Memorial Hall,Hillwood Memorial Hall,0,0,0,,280 Jetty Rd TAS 7252,,Assisted Disabled,,110
147.324,-42.8806,TAS,,GA Wood Hall,GA Wood Hall,0,0,0,,29 Bathurst St TAS 7000,,Assisted Disabled,,111
147.331806,-42.880739,TAS,,City Hall,City Hall,0,0,0,,57-63 Macquarie St TAS 7000,,Assisted Disabled,,112
147.3204475,-42.8812157,TAS,,St Peter's Hall,St Peter's Hall,0,0,0,,cnr Brisbane & Harrington Sts TAS 7000,,Standard,,113
147.2915454,-43.0191283,TAS,,Howden Fire Station,Howden Fire Station,0,0,0,,Howden Rd TAS 7054,,Assisted Disabled,,114
147.404,-42.8819,TAS,,Howrah Scout Hall,Howrah Scout Hall,0,0,0,,"Howrah Primary School, Howrah Rd TAS 7018",,Assisted Disabled,,115
147.409,-42.8911,TAS,,Tranmere Hall,Tranmere Hall,0,0,0,,27 Tranmere Rd TAS 7018,,Assisted Disabled,,116
147.0469969,-43.0291001,TAS,,The Salvation Army Hall,The Salvation Army Hall,0,0,0,,31 Wilmot Rd TAS 7109,,Assisted Disabled,,117
147.131233,-41.421676,TAS,,Invermay Primary School,Invermay Primary School,0,0,0,,35-43 Mayne St TAS 7248,,Assisted Disabled,,118
147.132,-41.4157,TAS,,St Finn Barr's School,St Finn Barr's School,0,0,0,,247 Invermay Rd TAS 7248,,Assisted Disabled,,119
145.145,-40.9133,TAS,,Irishtown Lodge Arthur Temple,Irishtown Lodge Arthur Temple,0,0,0,,604 Irishtown Rd TAS 7330,,Standard,,120
146.9283,-42.9982,TAS,,Judbury Hall,Judbury Hall,0,0,0,,1273 Glen Huon Rd TAS 7109,,Assisted Disabled,,121
147.148,-41.2539,TAS,,Karoola Hall,Karoola Hall,0,0,0,,1126 Pipers River Rd TAS 7267,,Assisted Disabled,,122
146.794,-41.1037,TAS,,Kelso Community Centre,Kelso Community Centre,0,0,0,,Foreshore Rd TAS 7270,,Standard,,123
147.2,-42.5313,TAS,,Kempton Council Chambers,Kempton Council Chambers,0,0,0,,Main St TAS 7030,,Assisted Disabled,,124
147.247,-43.1257,TAS,,Kettering Community Centre,Kettering Community Centre,0,0,0,,2963 Channel Hwy TAS 7050,,Assisted Disabled,,125
147.16,-41.4677,TAS,,Y.M.C.A. Centre,Y.M.C.A. Centre,0,0,0,,8A Blaydon St TAS 7249,,Assisted Disabled,,126
147.311406,-42.975321,TAS,,Kingborough Council,Kingborough Council,0,0,0,,15 Channel Hwy TAS 7050,,Disabled,,127
147.309,-42.9896,TAS,,Southern Christian College,Southern Christian College,0,0,0,,150 Redwood Rd TAS 7050,,Assisted Disabled,,128
147.3235074,-42.9815337,TAS,,Kingston Beach Hall,Kingston Beach Hall,0,0,0,,Beach Rd TAS 7050,,Assisted Disabled,,129
147.043,-42.8304,TAS,,Lachlan Community Hall,Lachlan Community Hall,0,0,0,,511 Lachlan Rd TAS 7140,,Assisted Disabled,,130
148.246,-40.2094,TAS,,W.G. Holloway Park Building,W.G. Holloway Park Building,0,0,0,,Barr St TAS 7255,,Assisted Disabled,,131
146.415,-41.2365,TAS,,Latrobe Primary School,Latrobe Primary School,0,0,0,,Lewis St TAS 7307,,Assisted Disabled,,132
147.4862704,-42.9136629,TAS,,Lauderdale Community Hall,Lauderdale Community Hall,0,0,0,,528A South Arm Rd TAS 7021,,Assisted Disabled,,133
147.143,-41.4464,TAS,,Launceston General Hospital,Launceston General Hospital,0,0,0,, Meeting Rooom Level 3 Charles St TAS 7250,,Assisted Disabled,,134
147.137,-41.4366,TAS,,Pilgrim Hall,Pilgrim Hall,0,0,0,,36 Paterson St TAS 7250,,Standard,,135
147.141,-41.4399,TAS,,St John's Parish Centre,St John's Parish Centre,0,0,0,,157 St John St TAS 7250,,Assisted Disabled,,136
147.228,-41.1773,TAS,,Lebrina Memorial Hall,Lebrina Memorial Hall,0,0,0,,905 Golconda Rd TAS 7254,,Standard,,137
147.047,-41.3632,TAS,,Legana Memorial Hall,Legana Memorial Hall,0,0,0,,43 Fulton St TAS 7277,,Assisted Disabled,,138
147.284,-42.8624,TAS,,St Andrew's Hall,St Andrew's Hall,0,0,0,,Lenah Valley Rd TAS 7008,,Standard,,139
147.29,-42.8612,TAS,,Lenah Valley Primary School,Lenah Valley Primary School,0,0,0,,Creek Rd TAS 7008,,Assisted Disabled,,140
147.568,-42.5443,TAS,,Levendale Primary School,Levendale Primary School,0,0,0,,1315 Woodsdale Rd TAS 7120,,Assisted Disabled,,141
147.216,-41.2523,TAS,,Lilydale Memorial Hall,Lilydale Memorial Hall,0,0,0,,1949 Main Rd (Lilydale Road) TAS 7268,,Standard,,142
147.363,-42.8519,TAS,,Lindisfarne Primary School,Lindisfarne Primary School,0,0,0,,Loatta Rd TAS 7018,,Assisted Disabled,,143
147.356,-42.8467,TAS,,St Aidan's Church Hall,St Aidan's Church Hall,0,0,0,,Lincoln St TAS 7015,,Assisted Disabled,,144
147.123,-41.5945,TAS,,Longford War Memorial Hall,Longford War Memorial Hall,0,0,0,,Wellington St TAS 7301,,Assisted Disabled,,145
146.291,-41.291,TAS,,Lower Barrington Public Hall,Lower Barrington Public Hall,0,0,0,,1027 Sheffield Rd TAS 7306,,Standard,,146
147.3114121,-42.8441626,TAS,,St Anne's Anglican Church Hall,St Anne's Anglican Church Hall,0,0,0,,27 Ashbolt Cres TAS 7009,,Assisted Disabled,,147
147.054,-42.7559,TAS,,Magra CWA Building,Magra CWA Building,0,0,0,,Back River Rd TAS 7140,,Assisted Disabled,,148
147.263,-43.029,TAS,,Margate Hall,Margate Hall,0,0,0,,Channel Hwy TAS 7054,,Assisted Disabled,,149
144.697,-40.9229,TAS,,Marrawah Memorial Hall,Marrawah Memorial Hall,0,0,0,,844 Comeback Rd TAS 7330,,Assisted Disabled,,150
147.891,-41.4719,TAS,,Mathinna Community Centre,Mathinna Community Centre,0,0,0,,21 High St TAS 7214,,Standard,,151
145.37,-40.9538,TAS,,Mawbanna Hall,Mawbanna Hall,0,0,0,,1444 Mawbanna Rd TAS 7321,,Assisted Disabled,,152
146.629,-42.7555,TAS,,Maydena Online Access Centre,Maydena Online Access Centre,0,0,0,,36 Kallista Rd (Gordon River Road) TAS 7140,,Standard,,153
146.612,-41.6515,TAS,,Meander Primary School,Meander Primary School,0,0,0,,137 Main Rd (Meander Road) TAS 7304,,Assisted Disabled,,154
146.289,-41.2417,TAS,,Melrose Memorial Hall,Melrose Memorial Hall,0,0,0,,673 Melrose Rd TAS 7310,,Assisted Disabled,,155
146.343,-41.1946,TAS,,School of Special Education,School of Special Education,0,0,0,,113 Middle Rd TAS 7310,,Assisted Disabled,,156
147.256,-43.2311,TAS,,South Channel Community Centre,South Channel Community Centre,0,0,0,,McDowall St TAS 7163,,Assisted Disabled,,157
147.533,-42.7997,TAS,,Midway Point Community Hall,Midway Point Community Hall,0,0,0,,Raynors Rd TAS 7171,,Assisted Disabled,,158
146.708,-41.9937,TAS,,Miena Community Centre,Miena Community Centre,0,0,0,,55-57 Cider Gum Rd TAS 7030,,Assisted Disabled,,159
146.405,-41.5581,TAS,,Mole Creek Primary School,Mole Creek Primary School,0,0,0,,4 Caveside Rd TAS 7304,,Assisted Disabled,,160
147.157,-42.8038,TAS,,Molesworth Primary School,Molesworth Primary School,0,0,0,,540 Molesworth Rd TAS 7140,,Assisted Disabled,,161
144.9775271,-40.7847873,TAS,,Montagu Fire Station,Montagu Fire Station,0,0,0,,Montagu Rd TAS 7330,,Assisted Disabled,,162
147.353,-42.8646,TAS,,Montagu Bay Primary School,Montagu Bay Primary School,0,0,0,,10 Conara Rd TAS 7018,,Disabled,,163
145.898,-41.0605,TAS,,Montello Primary School,Montello Primary School,0,0,0,,Bird St TAS 7320,,Assisted Disabled,,164
147.2934743,-42.8321544,TAS,,Goodwood Primary School,Goodwood Primary School,0,0,0,,Elmsleigh Rd TAS 7009,,Disabled,,165
147.296066,-42.845951,TAS,,Salvation Army Community Centre,Salvation Army Community Centre,0,0,0,,73 Hopkins St TAS 7009,,Assisted Disabled,,166
147.308,-42.8474,TAS,,Bowen Road Primary School,Bowen Road Primary School,0,0,0,,35 Bowen Rd TAS 7009,,Assisted Disabled,,167
145.616,-40.981,TAS,,Moorleah Community Centre,Moorleah Community Centre,0,0,0,,720 Preolenna Rd TAS 7321,,Assisted Disabled,,168
146.481134,-41.216812,TAS,,Moriarty Hall,Moriarty Hall,0,0,0,,1 Bonneys La TAS 7307,,Assisted Disabled,,169
147.401,-42.8582,TAS,,Citywide Baptist Church & Venue,Citywide Baptist Church & Venue,0,0,0,,400 Cambridge Rd TAS 7018,,Assisted Disabled,,170
147.323,-42.9136,TAS,,Mt Nelson Primary School,Mt Nelson Primary School,0,0,0,,388 Nelson Rd TAS 7007,,Assisted Disabled,,171
147.299,-42.875,TAS,,Mt Stuart Primary School,Mt Stuart Primary School,0,0,0,,106 Gillon Cres TAS 7000,,Standard,,172
147.109,-42.9614,TAS,,Mountain River Memorial Hall,Mountain River Memorial Hall,0,0,0,,263 Mountain River Rd TAS 7109,,Assisted Disabled,,173
147.131059,-41.4081402,TAS,,Launceston Church Grammar School,Launceston Church Grammar School,0,0,0,,Button St TAS 7248,,Standard,,174
145.922,-41.1701,TAS,,Natone Primary School,Natone Primary School,0,0,0,,100 Upper Natone Rd TAS 7321,,Assisted Disabled,,175
147.064,-42.7793,TAS,,New Norfolk Primary School,New Norfolk Primary School,0,0,0,,8 Pioneer Ave TAS 7140,,Assisted Disabled,,176
147.059,-42.7728,TAS,,New Norfolk Sport & Recreation Centre,New Norfolk Sport & Recreation Centre,0,0,0,,50 Derwent Tce TAS 7140,,Assisted Disabled,,177
147.304,-42.8615,TAS,,Sacred Heart College,Sacred Heart College,0,0,0,,2 Cross St TAS 7008,,Standard,,178
147.128,-41.3873,TAS,,Launceston North Uniting Church,Launceston North Uniting Church,0,0,0,,128 George Town Rd TAS 7248,,Assisted Disabled,,179
147.161,-41.4331,TAS,,Newstead College,Newstead College,0,0,0,,30 Cypress St TAS 7250,,Assisted Disabled,,180
147.157,-41.4472,TAS,,Police Citizens & Youth Club,Police Citizens & Youth Club,0,0,0,,148 Abbott St TAS 7250,,Assisted Disabled,,181
147.373,-43.1125,TAS,,Barnes Bay CWA Rooms,Barnes Bay CWA Rooms,0,0,0,,678 Bruny Island Main Rd TAS 7150,,Assisted Disabled,,182
147.316,-42.867,TAS,,Friends Junior School Hall,Friends Junior School Hall,0,0,0,,393Argyle St TAS 7000,,Assisted Disabled,,183
147.318,-42.8776,TAS,,Elizabeth College,Elizabeth College,0,0,0,,256 Elizabeth St TAS 7000,,Assisted Disabled,,184
147.314,-42.8728,TAS,,Hobart North Uniting Church,Hobart North Uniting Church,0,0,0,,Swan St TAS 7000,,Assisted Disabled,,185
146.10937,-41.20637,TAS,,North Motton Hall,North Motton Hall,0,0,0,,578 Preston Rd TAS 7315,,Assisted Disabled,,186
147.174,-41.4621,TAS,,Norwood Primary School,Norwood Primary School,0,0,0,,103 Norwood Ave TAS 7250,,Assisted Disabled,,187
147.743212,-43.099481,TAS,,Tasman Civic Centre,Tasman Civic Centre,0,0,0,,Clarke St TAS 7184,,Assisted Disabled,,188
147.296,-41.394,TAS,,Nunamara Public Hall,Nunamara Public Hall,0,0,0,,39461 Tasman Hwy TAS 7259,,Assisted Disabled,,189
147.372,-42.3,TAS,,"Oatlands Council Chambers, Court Room","Oatlands Council Chambers, Court Room",0,0,0,,71 High St TAS 7120,,Assisted Disabled,,190
147.26576,-42.77427,TAS,,Old Beach Fire Station,Old Beach Fire Station,0,0,0,,Jetty Rd TAS 7017,,Standard,,191
147.874,-42.5629,TAS,,Orford Community Hall,Orford Community Hall,0,0,0,,Charles St TAS 7190,,Assisted Disabled,,192
146.669,-42.4464,TAS,,Ouse Online Centre,Ouse Online Centre,0,0,0,,6947 Lyell Hwy TAS 7140,,Assisted Disabled,,193
147.407,-42.3503,TAS,,Parattah Jubilee Hall,Parattah Jubilee Hall,0,0,0,,657 Tunnack Rd TAS 7120,,Assisted Disabled,,194
146.071,-41.112,TAS,,Penguin Uniting Church Hall,Penguin Uniting Church Hall,0,0,0,,50 Main Rd TAS 7316,,Assisted Disabled,,195
147.173,-41.5725,TAS,,Perth Community Centre,Perth Community Centre,0,0,0,,173 Fairtlough St TAS 7300,,Assisted Disabled,,196
147.091,-41.1006,TAS,,Pipers River Fire Station,Pipers River Fire Station,0,0,0,,76 School Rd TAS 7252,,Standard,,197
147.266,-42.6836,TAS,,Pontville Old Council Chambers,Pontville Old Council Chambers,0,0,0,,262 Midland Hwy TAS 7030,,Assisted Disabled,,198
147.845,-43.142,TAS,,Port Arthur Sports Ground,Port Arthur Sports Ground,0,0,0,,2745 Nubeena Rd TAS 7182,,Assisted Disabled,,199
146.9637994,-43.1553225,TAS,,Port Huon Sports & Aquatic Centre,Port Huon Sports & Aquatic Centre,0,0,0,,Huon Hwy TAS 7116,,Assisted Disabled,,200
146.556,-41.1657,TAS,,Port Sorell Memorial Hall,Port Sorell Memorial Hall,0,0,0,,Cnr Meredith & Darling St TAS 7307,,Assisted Disabled,,201
146.062,-41.2972,TAS,,Preston Community Centre,Preston Community Centre,0,0,0,,1833 Preston Rd TAS 7315,,Assisted Disabled,,202
147.671829,-42.892403,TAS,,Primrose Sands Community Hall,Primrose Sands Community Hall,0,0,0,,570 Primrose Sands Rd TAS 7173,,Assisted Disabled,,203
147.126,-41.472,TAS,,St Patrick's College,St Patrick's College,0,0,0,,282 Westbury Rd TAS 7250,,Assisted Disabled,,204
147.11,-41.4782,TAS,,Residential Retirement Village Clubrooms,Residential Retirement Village Clubrooms,0,0,0,,12 Casino Rise TAS 7250,,Standard,,205
148.001,-41.2924,TAS,,Pyengana War Memorial Hall,Pyengana War Memorial Hall,0,0,0,,St Columba Falls Rd TAS 7216,,Assisted Disabled,,206
145.558,-42.0802,TAS,,Queenstown Memorial Hall,Queenstown Memorial Hall,0,0,0,,53 Orr St TAS 7467,,Standard,,207
146.414,-41.3526,TAS,,Railton Primary School,Railton Primary School,0,0,0,,94 Foster St TAS 7305,,Assisted Disabled,,208
147.039,-43.0086,TAS,,Ranelagh Memorial Hall,Ranelagh Memorial Hall,0,0,0,,Marguerite St TAS 7109,,Assisted Disabled,,209
147.177,-41.4162,TAS,,Ravenswood Heights Primary School Gynasium ,Ravenswood Heights Primary School Gynasium ,0,0,0,,25 Prossers Forest Rd TAS 7250,,Assisted Disabled,,210
143.916,-39.7532,TAS,,Reekara Community Complex,Reekara Community Complex,0,0,0,,2249 North Rd TAS 7256,,Standard,,211
145.999,-41.2015,TAS,,Riana Community Centre,Riana Community Centre,0,0,0,,1221 Pine Rd TAS 7316,,Standard,,212
147.43846,-42.73504,TAS,,Richmond Primary School,Richmond Primary School,0,0,0,,Commercial Road TAS 7025,,Assisted Disabled,,213
145.837,-41.1398,TAS,,Ridgley Primary School,Ridgley Primary School,0,0,0,,904 Ridgley Hwy TAS 7321,,Assisted Disabled,,214
147.73568,-41.24241,TAS,,Ringarooma Hall,Ringarooma Hall,0,0,0,,Charles St TAS 7263,,Assisted Disabled,,215
147.354,-42.8131,TAS,,Risdon Vale Primary School,Risdon Vale Primary School,0,0,0,,Heather Rd TAS 7016,,Standard,,216
147.097015,-41.409693,TAS,,Riverside High School,Riverside High School,0,0,0,,354 West Tamar Highway TAS 7250,,Assisted Disabled,,217
147.125949,-41.377716,TAS,,Brooks High School,Brooks High School,0,0,0,,215 George Town Rd TAS 7248,,Assisted Disabled,,218
145.487,-40.905,TAS,,Rocky Cape Public Hall,Rocky Cape Public Hall,0,0,0,,19074 Bass Hwy TAS 7321,,Assisted Disabled,,219
147.432,-42.8959,TAS,,Rokeby Community Centre,Rokeby Community Centre,0,0,0,,Hart Pl TAS 7019,,Assisted Disabled,,220
145.8995841,-41.0766337,TAS,,Romaine Park Primary School,Romaine Park Primary School,0,0,0,,Cnr Roslyn Avenue and Mount Street TAS 7320,,Assisted Disabled,,221
145.54094,-41.77853,TAS,,Rosebery Neighbourhood Centre,Rosebery Neighbourhood Centre,0,0,0,, 8 Agnes St TAS 7470,,Assisted Disabled,,222
147.266,-42.8199,TAS,,Montrose Bay Yacht Club,Montrose Bay Yacht Club,0,0,0,, Foreshore Rd TAS 7010,,Standard,,223
147.492498,-42.031409,TAS,,Ross Town Hall,Ross Town Hall,0,0,0,,12 Bridge St TAS 7209,,Standard,,224
147.727,-43.0273,TAS,,Saltwater River Public Hall,Saltwater River Public Hall,0,0,0,,600 Saltwater River Rd TAS 7186,,Assisted Disabled,,225
147.196,-42.985,TAS,,Sandfly Hall,Sandfly Hall,0,0,0,,811 Sandfly Rd TAS 7150,,Assisted Disabled,,226
147.495,-42.9402,TAS,,Sandford Hall,Sandford Hall,0,0,0,,973 South Arm Rd TAS 7020,,Standard,,227
147.319,-42.8984,TAS,,Princes Street Primary School,Princes Street Primary School,0,0,0,,cnr Princes & Randall Sts TAS 7005,,Assisted Disabled,,228
147.346,-42.9087,TAS,,St Stephen's Church Hall,St Stephen's Church Hall,0,0,0,,524 Sandy Bay Rd TAS 7005,,Assisted Disabled,,229
147.327,-42.8992,TAS,,Wellspring Anglican Church Hall,Wellspring Anglican Church Hall,0,0,0,,Grosvenor St TAS 7005,,Assisted Disabled,,230
147.355,-42.9138,TAS,,Harold Gregg Centre,Harold Gregg Centre,0,0,0,,1 Southerwood Dr TAS 7005,,Assisted Disabled,,231
147.3367403,-42.9090106,TAS,,Waimea Heights Primary School,Waimea Heights Primary School,0,0,0,,12 Balfour Ct TAS 7005,,Standard,,232
146.503,-41.2871,TAS,,Sassafras Primary School,Sassafras Primary School,0,0,0,,50 School Rd TAS 7307,,Assisted Disabled,,233
145.219,-41.5119,TAS,,Grange Resources Lodge,Grange Resources Lodge,0,0,0,,Corinna Rd TAS 7321,,Assisted Disabled,,234
148.261,-41.4541,TAS,,Scamander Fire Station,Scamander Fire Station,0,0,0,,Campbell St TAS 7215,,Assisted Disabled,,235
147.515,-41.1625,TAS,,St Barnabas' Church Hall,St Barnabas' Church Hall,0,0,0,,55 King St (Tasman Highway) TAS 7260,,Standard,,236
147.511,-42.8526,TAS,,Wyndham Vacation Resort,Wyndham Vacation Resort,0,0,0,,78 Surf Rd TAS 7170,,Assisted Disabled,,237
146.327186,-41.383044,TAS,,Sheffield District High School,Sheffield District High School,0,0,0,,12 Henry St TAS 7306,,Assisted Disabled,,238
145.88153,-41.06128,TAS,,Tasmanian Academy (Hellyer College),Tasmanian Academy (Hellyer College),0,0,0,,Mooreville Rd TAS 7320,,Standard,,239
146.887,-41.2221,TAS,,Sidmouth Community Centre,Sidmouth Community Centre,0,0,0,,255 Batman Hwy TAS 7270,,Assisted Disabled,,240
145.565,-40.9181,TAS,,Sisters Beach Fire Station,Sisters Beach Fire Station,0,0,0,,Honeysuckle Ave TAS 7321,,Standard,,241
145.586,-40.9605,TAS,,Sisters Creek Hall,Sisters Creek Hall,0,0,0,,17894 Bass Hwy TAS 7321,,Assisted Disabled,,242
145.127,-40.8427,TAS,,Smithton Uniting Church Hall,Smithton Uniting Church Hall,0,0,0,,45 Goldie St TAS 7330,,Standard,,243
147.255,-43.0664,TAS,,Snug Primary School,Snug Primary School,0,0,0,,Channel Hwy TAS 7054,,Assisted Disabled,,244
145.836367,-41.043137,TAS,,Somerset Primary School,Somerset Primary School,0,0,0,,8 Wragg Street TAS 7322,,Assisted Disabled,,245
147.561,-42.7859,TAS,,Sorell School Performing Arts Centre,Sorell School Performing Arts Centre,0,0,0,,41 Gordon St TAS 7172,,Assisted Disabled,,246
147.421,-43.0264,TAS,,South Arm Primary School,South Arm Primary School,0,0,0,,Harmony Lane TAS 7022,,Assisted Disabled,,247
145.908441,-41.060997,TAS,,SES Burnie Unit,SES Burnie Unit,0,0,0,,9 Wellington Street TAS 7320,,Assisted Disabled,,248
147.2993026,-42.8951454,TAS,,Badminton Association Centre,Badminton Association Centre,0,0,0,,101 Cascade Rd TAS 7004,,Standard,,249
147.312,-42.8949,TAS,,St Francis Xavier's Church Hall,St Francis Xavier's Church Hall,0,0,0,,34 Anglesea St TAS 7004,,Assisted Disabled,,250
147.148229,-41.461287,TAS,,Cosgrove Park Bowls Club,Cosgrove Park Bowls Club,0,0,0,,25 Waveney St TAS 7249,,Assisted Disabled,,251
147.154,-41.459,TAS,,St Mark's Church Hall,St Mark's Church Hall,0,0,0,,6 Hobart Rd TAS 7249,,Assisted Disabled,,252
147.144026,-41.452876,TAS,,Launceston RSL,Launceston RSL,0,0,0,,313-315 Wellington St TAS 7249,,Assisted Disabled,,253
145.977,-41.2345,TAS,,South Riana Public Hall,South Riana Public Hall,0,0,0,,776 South Riana Rd TAS 7316,,Assisted Disabled,,254
146.9795856,-43.4341277,TAS,,Southport Fire Station,Southport Fire Station,0,0,0,,3 Cathkit St TAS 7109,,Assisted Disabled,,255
146.16,-41.2627,TAS,,Sprent Primary School,Sprent Primary School,0,0,0,,1245 Castra Rd TAS 7315,,Assisted Disabled,,256
146.34434,-41.21207,TAS,,Spreyton Primary School,Spreyton Primary School,0,0,0,,1 Mersey Main Rd TAS 7310,,Assisted Disabled,,257
148.249,-41.3222,TAS,,St Helens Memorial Hall,St Helens Memorial Hall,0,0,0,,Cecilia St TAS 7216,,Assisted Disabled,,258
147.2,-41.4597,TAS,,St Leonards Primary School,St Leonards Primary School,0,0,0,,330 St Leonards Rd TAS 7250,,Assisted Disabled,,259
148.186,-41.5791,TAS,,St Marys Community Hall,St Marys Community Hall,0,0,0,,Main St (Esk Highway) TAS 7215,,Assisted Disabled,,260
145.291,-40.7603,TAS,,Stanley Primary School,Stanley Primary School,0,0,0,,Wilson St TAS 7331,,Assisted Disabled,,261
145.929,-41.1124,TAS,,Stowport Public Hall,Stowport Public Hall,0,0,0,,580 Stowport Rd TAS 7321,,Assisted Disabled,,262
145.329,-42.1497,TAS,,Strahan Fire Station,Strahan Fire Station,0,0,0,,18 Reid St TAS 7468,,Assisted Disabled,,263
146.026,-41.0935,TAS,,Sulphur Creek Memorial Hall,Sulphur Creek Memorial Hall,0,0,0,,Preservation Dr TAS 7321,,Standard,,264
147.13,-41.4683,TAS,,Summerdale Community Centre,Summerdale Community Centre,0,0,0,,82-84 Stanley St TAS 7250,,Assisted Disabled,,265
146.998,-43.2196,TAS,,Surges Bay Hall,Surges Bay Hall,0,0,0,,Esperance Coast Rd TAS 7109,,Assisted Disabled,,266
148.077,-42.1245,TAS,,Swansea Town Hall,Swansea Town Hall,0,0,0,,12 Franklin St (Tasman Highway) TAS 7190,,Assisted Disabled,,267
147.868,-43.0371,TAS,,Tasman Peninsula Community Centre,Tasman Peninsula Community Centre,0,0,0,,Gourlay Rd TAS 7180,,Assisted Disabled,,268
147.367,-41.3107,TAS,,Myrtle Park Hall,Myrtle Park Hall,0,0,0,,38250 Tasman Hwy TAS 7259,,Assisted Disabled,,269
147.3527368,-42.9433021,TAS,,Taroona Primary School,Taroona Primary School,0,0,0,,104 Channel Hwy TAS 7053,,Assisted Disabled,,270
147.318,-42.6903,TAS,,Tea Tree Community Hall,Tea Tree Community Hall,0,0,0,,Briar Banks Rd TAS 7017,,Assisted Disabled,,271
144.879,-40.9601,TAS,,Togari Community Centre,Togari Community Centre,0,0,0,,7 Salmon River Rd TAS 7330,,Assisted Disabled,,272
147.106,-41.4301,TAS,,Trevallyn Life Church,Trevallyn Life Church,0,0,0,,34 Pitt Ave TAS 7250,,Assisted Disabled,,273
147.115,-41.4381,TAS,,Trevallyn Primary School,Trevallyn Primary School,0,0,0,,55 Gorge Rd TAS 7250,,Disabled,,274
147.917,-42.508,TAS,,"Triabunna Council Chambers, Recreation Room","Triabunna Council Chambers, Recreation Room",0,0,0,,38 Vicary St TAS 7190,,Standard,,275
145.614,-41.7376,TAS,,Tullah Fire Station,Tullah Fire Station,0,0,0,,Farrell St TAS 7321,,Assisted Disabled,,276
147.462,-42.4548,TAS,,Tunnack Public Hall,Tunnack Public Hall,0,0,0,,Tunnack Rd TAS 7120,,Assisted Disabled,,277
146.244,-41.1589,TAS,,Turners Community Centre,Turners Community Centre,0,0,0,,Henry St TAS 7315,,Assisted Disabled,,278
146.175,-41.1559,TAS,,Ulverstone Guide Hall,Ulverstone Guide Hall,0,0,0,,34 Main St TAS 7315,,Assisted Disabled,,279
146.192,-41.1546,TAS,,East Ulverstone Primary School,East Ulverstone Primary School,0,0,0,,18 Crawford St TAS 7315,,Assisted Disabled,,280
146.17091,-41.16201,TAS,,Ulverstone High School,Ulverstone High School,0,0,0,,38 Leven St TAS 7315,,Assisted Disabled,,281
145.5313,-41.44422,TAS,,Waratah Municipal Chambers,Waratah Municipal Chambers,0,0,0,,12-14 Smith St TAS 7321,,Assisted Disabled,,282
147.3825601,-42.8611504,TAS,,Warrane Primary School,Warrane Primary School,0,0,0,,213 Cambridge Rd TAS 7018,,Assisted Disabled,,283
147.384,-42.8559,TAS,,Warrane Mornington Neighbourhood Centre,Warrane Mornington Neighbourhood Centre,0,0,0,,150A Bligh St TAS 7018,,Assisted Disabled,,284
147.19,-41.4321,TAS,,Waverley School Primary School,Waverley School Primary School,0,0,0,,6 Naroo St TAS 7250,,Standard,,285
146.457,-41.1885,TAS,,Wesley Vale Primary School,Wesley Vale Primary School,0,0,0,,West Wind Dr (Wesley Vale Road) TAS 7307,,Assisted Disabled,,286
147.309,-42.8819,TAS,,Lansdowne Crescent Primary School,Lansdowne Crescent Primary School,0,0,0,,Gourlay St TAS 7000,,Assisted Disabled,,287
147.3100773,-42.8778039,TAS,,Lawrenny Court,Lawrenny Court,0,0,0,,131 Hill St TAS 7000,,Assisted Disabled,,288
147.317,-42.8878,TAS,,Goulburn Street Primary School,Goulburn Street Primary School,0,0,0,,Forest Rd TAS 7000,,Standard,,289
147.129,-41.4492,TAS,,West Launceston Primary School,West Launceston Primary School,0,0,0,,24 Basin Rd TAS 7250,,Assisted Disabled,,290
146.16,-41.1482,TAS,,West Ulverstone Primary School,West Ulverstone Primary School,0,0,0,,34 Maud St TAS 7315,,Assisted Disabled,,291
146.83,-41.528,TAS,,Westbury Town Hall,Westbury Town Hall,0,0,0,,26 Lyall St TAS 7303,,Assisted Disabled,,292
146.787,-42.6775,TAS,,Westerway Primary School,Westerway Primary School,0,0,0,,1619 Gordon River Rd TAS 7140,,Assisted Disabled,,293
147.154,-41.0153,TAS,,Weymouth Hall,Weymouth Hall,0,0,0,,18 Major St TAS 7252,,Standard,,294
148.019,-40.1214,TAS,,Whitemark Lions Club,Whitemark Lions Club,0,0,0,,James St TAS 7255,,Assisted Disabled,,295
146.931,-41.5825,TAS,,Whitemore Historical Group Rooms (Old School),Whitemore Historical Group Rooms (Old School),0,0,0,,769 Whitemore Rd TAS 7303,,Standard,,296
146.1732064,-41.3855154,TAS,,Wilmot Primary School,Wilmot Primary School,0,0,0,,Main Rd (Wilmot Road) TAS 7310,,Assisted Disabled,,297
147.824,-41.0979,TAS,,Winnaleah Memorial Hall,Winnaleah Memorial Hall,0,0,0,,20 Main St TAS 7265,,Standard,,298
145.93609,-41.06904,TAS,,Wivenhoe Campus Leighland Christian School,Wivenhoe Campus Leighland Christian School,0,0,0,,Stowport Rd TAS 7320,,Assisted Disabled,,299
147.239,-43.1601,TAS,,Woodbridge Hall,Woodbridge Hall,0,0,0,,3445 Channel Hwy TAS 7162,,Assisted Disabled,,300
145.729,-40.9909,TAS,,Senior Citizens Club Rooms,Senior Citizens Club Rooms,0,0,0,,28 Jackson St TAS 7325,,Assisted Disabled,,301
145.717,-40.9867,TAS,,Wynyard High School,Wynyard High School,0,0,0,,30 Church St TAS 7325,,Assisted Disabled,,302
145.719,-41.1237,TAS,,Yolla District High School,Yolla District High School,0,0,0,,School La TAS 7325,,Assisted Disabled,,303
147.164,-41.4823,TAS,,Youngtown Primary School,Youngtown Primary School,0,0,0,,Napier St TAS 7249,,Assisted Disabled,,304
145.34,-41.888,TAS,,Zeehan Primary School,Zeehan Primary School,0,0,0,,7 Belstead St TAS 7469,,Assisted Disabled,,305
