state,division,polling_place_name,premises,has_bbq,has_caek,has_nothing,source,gx_location,address,opening_hours,booth_info,extra_info,gid,lon,lat,polling_place_type,has_other,has_run_out
WA,Canning,Cecil Andrews Senior High School,Cecil Andrews Senior High School,0,0,0,,"Cecil Andrews Senior High School, Seville Dr, ARMADALE, Western Australia","Cecil Andrews Senior High School, Seville Dr, ARMADALE, Western Australia",8 - 6pm,Assisted access,,1,,,,,
WA,Canning,Challis Primary School,Challis Primary School,0,0,0,,"Challis Primary School, 40 Braemore St, ARMADALE, Western Australia","Challis Primary School, 40 Braemore St, ARMADALE, Western Australia",8 - 6pm,Assisted access,,2,,,,,
WA,Canning,Greendale Centre,Greendale Centre,0,0,0,,"Greendale Centre, Coombe Ave, ARMADALE, Western Australia","Greendale Centre, Coombe Ave, ARMADALE, Western Australia",8 - 6pm,Full access,,3,,,,,
WA,Canning,Kingsley Primary School,Kingsley Primary School,0,0,0,,"Kingsley Primary School, Lathwell St, ARMADALE, Western Australia","Kingsley Primary School, Lathwell St, ARMADALE, Western Australia",8 - 6pm,Assisted access,,4,,,,,
WA,Canning,Neerigen Brook Primary School,Neerigen Brook Primary School,0,0,0,,"Neerigen Brook Primary School, Seventh Rd, ARMADALE, Western Australia","Neerigen Brook Primary School, Seventh Rd, ARMADALE, Western Australia",8 - 6pm,Assisted access,,5,,,,,
WA,Canning,Armadale Primary School,Armadale Primary School,0,0,0,,"Armadale Primary School, 1 Carradine Rd, BEDFORDALE, Western Australia","Armadale Primary School, 1 Carradine Rd, BEDFORDALE, Western Australia",8 - 6pm,Assisted access,,6,,,,,
WA,Canning,Bedfordale District Hall,Bedfordale District Hall,0,0,0,,"Bedfordale District Hall, Admiral Rd, BEDFORDALE, Western Australia","Bedfordale District Hall, Admiral Rd, BEDFORDALE, Western Australia",8 - 6pm,Assisted access,,7,,,,,
WA,Canning,Boddington District High School,Boddington District High School,0,0,0,,"Boddington District High School, 25 Pollard St, BODDINGTON, Western Australia","Boddington District High School, 25 Pollard St, BODDINGTON, Western Australia",8 - 6pm,Assisted access,,8,,,,,
WA,Canning,Evelyn Gribble Community Centre,Evelyn Gribble Community Centre,0,0,0,,"Evelyn Gribble Community Centre, Ninth Rd, BROOKDALE, Western Australia","Evelyn Gribble Community Centre, Ninth Rd, BROOKDALE, Western Australia",8 - 6pm,Assisted access,,9,,,,,
WA,Canning,Byford Hall,Byford Hall,0,0,0,,"Byford Hall, 850 South Western Hwy near Clifton St, BYFORD, Western Australia","Byford Hall, 850 South Western Hwy near Clifton St, BYFORD, Western Australia",8 - 6pm,Assisted access,,10,,,,,
WA,Canning,Serpentine Jarrahdale Community Recreation Centre,Serpentine Jarrahdale Community Recreation Centre,0,0,0,,"Serpentine Jarrahdale Community Recreation Centre, Mead St, BYFORD, Western Australia","Serpentine Jarrahdale Community Recreation Centre, Mead St, BYFORD, Western Australia",8 - 6pm,Assisted access,,11,,,,,
WA,Canning,Coodanup Community College,Coodanup Community College,0,0,0,,"Coodanup Community College, Wanjeep St, COODANUP, Western Australia","Coodanup Community College, Wanjeep St, COODANUP, Western Australia",8 - 6pm,Assisted access,,12,,,,,
WA,Canning,Coolup Community Hall,Coolup Community Hall,0,0,0,,"Coolup Community Hall, 186 Murray St, COOLUP, Western Australia","Coolup Community Hall, 186 Murray St, COOLUP, Western Australia",8 - 6pm,No,,13,,,,,
WA,Canning,Southern Estuary Progress Assn Hall,Southern Estuary Progress Assn Hall,0,0,0,,"Southern Estuary Progress Assn Hall, Estuary Rd, DAWESVILLE, Western Australia","Southern Estuary Progress Assn Hall, Estuary Rd, DAWESVILLE, Western Australia",8 - 6pm,No,,14,,,,,
WA,Canning,Dudley Park Primary School,Dudley Park Primary School,0,0,0,,"Dudley Park Primary School, Gillark St, DUDLEY PARK, Western Australia","Dudley Park Primary School, Gillark St, DUDLEY PARK, Western Australia",8 - 6pm,Assisted access,,15,,,,,
WA,Canning,Dwellingup Primary School,Dwellingup Primary School,0,0,0,,"Dwellingup Primary School, 10 Newton St, DWELLINGUP, Western Australia","Dwellingup Primary School, 10 Newton St, DWELLINGUP, Western Australia",8 - 6pm,Assisted access,,16,,,,,
WA,Canning,Falcon Community Pavilion,Falcon Community Pavilion,0,0,0,,"Falcon Community Pavilion, Lynda St, FALCON, Western Australia","Falcon Community Pavilion, Lynda St, FALCON, Western Australia",8 - 6pm,Assisted access,,17,,,,,
WA,Canning,Forrestdale Primary School,Forrestdale Primary School,0,0,0,,"Forrestdale Primary School, 35 Broome St, FORRESTDALE, Western Australia","Forrestdale Primary School, 35 Broome St, FORRESTDALE, Western Australia",8 - 6pm,No,,18,,,,,
WA,Canning,West Murray Community Hall,West Murray Community Hall,0,0,0,,"West Murray Community Hall, Cnr Pinjarra and Goodooga Rds, FURNISSDALE, Western Australia","West Murray Community Hall, Cnr Pinjarra and Goodooga Rds, FURNISSDALE, Western Australia",8 - 6pm,Assisted access,,19,,,,,
WA,Canning,Glencoe Primary School,Glencoe Primary School,0,0,0,,"Glencoe Primary School, Balmoral Pde, HALLS HEAD, Western Australia","Glencoe Primary School, Balmoral Pde, HALLS HEAD, Western Australia",8 - 6pm,Assisted access,,20,,,,,
WA,Canning,Halls Head Primary School,Halls Head Primary School,0,0,0,,"Halls Head Primary School, 21 Oleander Pl, HALLS HEAD, Western Australia","Halls Head Primary School, 21 Oleander Pl, HALLS HEAD, Western Australia",8 - 6pm,Assisted access,,21,,,,,
WA,Canning,Metro Church,Metro Church,0,0,0,,"Metro Church, McLarty Rd, HALLS HEAD, Western Australia","Metro Church, McLarty Rd, HALLS HEAD, Western Australia",8 - 6pm,Assisted access,,22,,,,,
WA,Canning,Carey Baptist College,Carey Baptist College,0,0,0,,"Carey Baptist College, 51 Wright Rd, HARRISDALE, Western Australia","Carey Baptist College, 51 Wright Rd, HARRISDALE, Western Australia",8 - 6pm,Assisted access,,23,,,,,
WA,Canning,Bruno Gianatti Recreation Centre,Bruno Gianatti Recreation Centre,0,0,0,,"Bruno Gianatti Recreation Centre, Munro St, JARRAHDALE, Western Australia","Bruno Gianatti Recreation Centre, Munro St, JARRAHDALE, Western Australia",8 - 6pm,Assisted access,,24,,,,,
WA,Canning,Karragullen District Hall,Karragullen District Hall,0,0,0,,"Karragullen District Hall, Old Station Rd, KARRAGULLEN, Western Australia","Karragullen District Hall, Old Station Rd, KARRAGULLEN, Western Australia",8 - 6pm,Assisted access,,25,,,,,
WA,Canning,Clifton Hills Primary School,Clifton Hills Primary School,0,0,0,,"Clifton Hills Primary School, Connell Ave, KELMSCOTT, Western Australia","Clifton Hills Primary School, Connell Ave, KELMSCOTT, Western Australia",8 - 6pm,No,,26,,,,,
WA,Canning,Kelmscott Primary School,Kelmscott Primary School,0,0,0,,"Kelmscott Primary School, River Rd, KELMSCOTT, Western Australia","Kelmscott Primary School, River Rd, KELMSCOTT, Western Australia",8 - 6pm,No,,27,,,,,
WA,Canning,Kelmscott Senior High School,Kelmscott Senior High School,0,0,0,,"Kelmscott Senior High School, Third Ave, KELMSCOTT, Western Australia","Kelmscott Senior High School, Third Ave, KELMSCOTT, Western Australia",8 - 6pm,Assisted access,,28,,,,,
WA,Canning,Lake Clifton Community Hall,Lake Clifton Community Hall,0,0,0,,"Lake Clifton Community Hall, Tuart Grove Ave, LAKE CLIFTON, Western Australia","Lake Clifton Community Hall, Tuart Grove Ave, LAKE CLIFTON, Western Australia",8 - 6pm,Assisted access,,29,,,,,
WA,Canning,John Tonkin College - Tindale Campus,John Tonkin College - Tindale Campus,0,0,0,,"John Tonkin College - Tindale Campus, Gibla Street, MANDURAH, Western Australia","John Tonkin College - Tindale Campus, Gibla Street, MANDURAH, Western Australia",8 - 6pm,Assisted access,,30,,,,,
WA,Canning,Mandurah Primary School,Mandurah Primary School,0,0,0,,"Mandurah Primary School, Hackett St, MANDURAH, Western Australia","Mandurah Primary School, Hackett St, MANDURAH, Western Australia",8 - 6pm,Assisted access,,31,,,,,
WA,Canning,Peel Thunder Football Club,Peel Thunder Football Club,0,0,0,,"Peel Thunder Football Club, Bendigo Bank Stadium Dower St, MANDURAH, Western Australia","Peel Thunder Football Club, Bendigo Bank Stadium Dower St, MANDURAH, Western Australia",8 - 6pm,No,,32,,,,,
WA,Canning,Mundijong Primary School,Mundijong Primary School,0,0,0,,"Mundijong Primary School, Livesey St, MUNDIJONG, Western Australia","Mundijong Primary School, Livesey St, MUNDIJONG, Western Australia",8 - 6pm,Assisted access,,33,,,,,
WA,Canning,North Dandalup Community Hall,North Dandalup Community Hall,0,0,0,,"North Dandalup Community Hall, South West Hwy, NORTH DANDALUP, Western Australia","North Dandalup Community Hall, South West Hwy, NORTH DANDALUP, Western Australia",8 - 6pm,Assisted access,,34,,,,,
WA,Canning,North Yunderup CWA Centre,North Yunderup CWA Centre,0,0,0,,"North Yunderup CWA Centre, 45 Culeenup Rd, NORTH YUNDERUP, Western Australia","North Yunderup CWA Centre, 45 Culeenup Rd, NORTH YUNDERUP, Western Australia",8 - 6pm,No,,35,,,,,
WA,Canning,Oakford Community Hall,Oakford Community Hall,0,0,0,,"Oakford Community Hall, Foxton Dr, OAKFORD, Western Australia","Oakford Community Hall, Foxton Dr, OAKFORD, Western Australia",8 - 6pm,Assisted access,,36,,,,,
WA,Canning,Carcoola Primary School,Carcoola Primary School,0,0,0,,"Carcoola Primary School, Wisteria Cres, PINJARRA, Western Australia","Carcoola Primary School, Wisteria Cres, PINJARRA, Western Australia",8 - 6pm,No,,37,,,,,
WA,Canning,Pinjarra Senior High School,Pinjarra Senior High School,0,0,0,,"Pinjarra Senior High School, McLarty Rd, PINJARRA, Western Australia","Pinjarra Senior High School, McLarty Rd, PINJARRA, Western Australia",8 - 6pm,Assisted access,,38,,,,,
WA,Canning,Preston Beach Community Centre,Preston Beach Community Centre,0,0,0,,"Preston Beach Community Centre, Panorama Dr, PRESTON BEACH, Western Australia","Preston Beach Community Centre, Panorama Dr, PRESTON BEACH, Western Australia",8 - 6pm,No,,39,,,,,
WA,Canning,Roleystone Community College,Roleystone Community College,0,0,0,,"Roleystone Community College, 90 Raeburn Rd, ROLEYSTONE, Western Australia","Roleystone Community College, 90 Raeburn Rd, ROLEYSTONE, Western Australia",8 - 6pm,No,,40,,,,,
WA,Canning,Serpentine Primary School,Serpentine Primary School,1,1,0,,"Serpentine Primary School, Lefroy St, SERPENTINE, Western Australia","Serpentine Primary School, Lefroy St, SERPENTINE, Western Australia",8 - 6pm,Assisted access,,41,,,,,
WA,Canning,South Yunderup-Ravenswood Volunteer Bush Fire Brigade Station,South Yunderup-Ravenswood Volunteer Bush Fire Brigade Station,0,0,0,,"South Yunderup-Ravenswood Volunteer Bush Fire Brigade Station, Yunderup Rd, SOUTH YUNDERUP, Western Australia","South Yunderup-Ravenswood Volunteer Bush Fire Brigade Station, Yunderup Rd, SOUTH YUNDERUP, Western Australia",8 - 6pm,Assisted access,,42,,,,,
WA,Canning,Waroona Senior Citizens' Centre,Waroona Senior Citizens' Centre,0,0,0,,"Waroona Senior Citizens' Centre, Millar St, WAROONA, Western Australia","Waroona Senior Citizens' Centre, Millar St, WAROONA, Western Australia",8 - 6pm,Assisted access,,43,,,,,
WA,Canning,Grovelands Primary School,Grovelands Primary School,0,0,0,,"Grovelands Primary School, Grovelands Dr, WESTFIELD, Western Australia","Grovelands Primary School, Grovelands Dr, WESTFIELD, Western Australia",8 - 6pm,No,,44,,,,,
WA,Canning,Westfield Park Primary School,Westfield Park Primary School,1,1,0,,"Westfield Park Primary School, Hemingway Dr, WESTFIELD, Western Australia","Westfield Park Primary School, Hemingway Dr, WESTFIELD, Western Australia",8 - 6pm,Assisted access,,45,,,,,